prompt_len,baseline_multimem,no_ar,overlap_fused
1024,82.70037584006786,72.60705356796582,74.35268101592858
2048,155.9504548087716,139.7508991571764,139.9759603353838
4096,297.72510180870694,265.7478184439242,271.8594708479941
8192,620.4465753088394,556.8982876526812,536.2055734420816
16384,1312.0478019739191,1181.051736914863,1159.9308588231604
32768,2932.3953587561846,2660.958102097114,2636.8139412564537
65536,6861.60564624394,6296.291124044607,6487.841707840562
